study,dimension,Full name,Submission,Submission id,Comparisons received,Time spent,Average time spent,First comparison,Last comparison,Wins,Losses,Score
study1,rigour,1,"<a href=""https://moodle2.maths.ed.ac.uk/live2018/mod/assign/view.php?id=3556&amp;action=viewpluginpage&amp;plugin=comparativejudgement&amp;pluginsubtype=assignsubmission&amp;pluginaction=addexemplar&amp;exemplarid=11"">View</a>",17,75,55 mins 20 secs,44.2667 secs,"Friday, 22 January 2021, 10:52 AM","Thursday, 28 January 2021, 8:33 AM",3,72,34
study1,rigour,10,"<a href=""https://moodle2.maths.ed.ac.uk/live2018/mod/assign/view.php?id=3556&amp;action=viewpluginpage&amp;plugin=comparativejudgement&amp;pluginsubtype=assignsubmission&amp;pluginaction=addexemplar&amp;exemplarid=20"">View</a>",26,76,3 hours 46 mins,2 mins 59.1579 secs,"Friday, 22 January 2021, 10:51 AM","Thursday, 28 January 2021, 8:33 AM",69,7,91
study1,rigour,11,"<a href=""https://moodle2.maths.ed.ac.uk/live2018/mod/assign/view.php?id=3556&amp;action=viewpluginpage&amp;plugin=comparativejudgement&amp;pluginsubtype=assignsubmission&amp;pluginaction=addexemplar&amp;exemplarid=21"">View</a>",27,75,2 hours,1 min 36.44 secs,"Friday, 22 January 2021, 10:54 AM","Thursday, 28 January 2021, 8:33 AM",50,25,74
study1,rigour,12,"<a href=""https://moodle2.maths.ed.ac.uk/live2018/mod/assign/view.php?id=3556&amp;action=viewpluginpage&amp;plugin=comparativejudgement&amp;pluginsubtype=assignsubmission&amp;pluginaction=addexemplar&amp;exemplarid=34"">View</a>",41,75,2 hours 14 mins,1 min 47.4133 secs,"Friday, 22 January 2021, 10:51 AM","Thursday, 28 January 2021, 8:33 AM",32,43,61
study1,rigour,13,"<a href=""https://moodle2.maths.ed.ac.uk/live2018/mod/assign/view.php?id=3556&amp;action=viewpluginpage&amp;plugin=comparativejudgement&amp;pluginsubtype=assignsubmission&amp;pluginaction=addexemplar&amp;exemplarid=35"">View</a>",42,75,1 hour 37 mins,1 min 17.84 secs,"Friday, 22 January 2021, 10:54 AM","Thursday, 28 January 2021, 8:32 AM",29,46,59
study1,rigour,2,"<a href=""https://moodle2.maths.ed.ac.uk/live2018/mod/assign/view.php?id=3556&amp;action=viewpluginpage&amp;plugin=comparativejudgement&amp;pluginsubtype=assignsubmission&amp;pluginaction=addexemplar&amp;exemplarid=12"">View</a>",18,75,1 hour 6 mins,53.1067 secs,"Friday, 22 January 2021, 10:51 AM","Thursday, 28 January 2021, 8:33 AM",28,47,61
study1,rigour,3,"<a href=""https://moodle2.maths.ed.ac.uk/live2018/mod/assign/view.php?id=3556&amp;action=viewpluginpage&amp;plugin=comparativejudgement&amp;pluginsubtype=assignsubmission&amp;pluginaction=addexemplar&amp;exemplarid=13"">View</a>",19,75,1 hour 4 mins,51.28 secs,"Friday, 22 January 2021, 10:47 AM","Thursday, 28 January 2021, 8:33 AM",5,70,40
study1,rigour,4,"<a href=""https://moodle2.maths.ed.ac.uk/live2018/mod/assign/view.php?id=3556&amp;action=viewpluginpage&amp;plugin=comparativejudgement&amp;pluginsubtype=assignsubmission&amp;pluginaction=addexemplar&amp;exemplarid=14"">View</a>",20,75,1 hour 23 mins,1 min 6.5467 secs,"Friday, 22 January 2021, 10:51 AM","Thursday, 28 January 2021, 8:33 AM",41,34,66
study1,rigour,5,"<a href=""https://moodle2.maths.ed.ac.uk/live2018/mod/assign/view.php?id=3556&amp;action=viewpluginpage&amp;plugin=comparativejudgement&amp;pluginsubtype=assignsubmission&amp;pluginaction=addexemplar&amp;exemplarid=15"">View</a>",21,75,1 hour 4 mins,51.8667 secs,"Friday, 22 January 2021, 10:47 AM","Thursday, 28 January 2021, 8:33 AM",32,43,63
study1,rigour,6,"<a href=""https://moodle2.maths.ed.ac.uk/live2018/mod/assign/view.php?id=3556&amp;action=viewpluginpage&amp;plugin=comparativejudgement&amp;pluginsubtype=assignsubmission&amp;pluginaction=addexemplar&amp;exemplarid=16"">View</a>",22,75,1 hour 9 mins,55.3333 secs,"Friday, 22 January 2021, 10:51 AM","Thursday, 28 January 2021, 8:32 AM",49,26,73
study1,rigour,7,"<a href=""https://moodle2.maths.ed.ac.uk/live2018/mod/assign/view.php?id=3556&amp;action=viewpluginpage&amp;plugin=comparativejudgement&amp;pluginsubtype=assignsubmission&amp;pluginaction=addexemplar&amp;exemplarid=17"">View</a>",23,75,1 hour,48.7467 secs,"Friday, 22 January 2021, 10:52 AM","Thursday, 28 January 2021, 8:33 AM",50,25,73
study1,rigour,8,"<a href=""https://moodle2.maths.ed.ac.uk/live2018/mod/assign/view.php?id=3556&amp;action=viewpluginpage&amp;plugin=comparativejudgement&amp;pluginsubtype=assignsubmission&amp;pluginaction=addexemplar&amp;exemplarid=18"">View</a>",24,75,40 mins 52 secs,32.6933 secs,"Friday, 22 January 2021, 10:54 AM","Thursday, 28 January 2021, 8:33 AM",52,23,77
study1,rigour,9,"<a href=""https://moodle2.maths.ed.ac.uk/live2018/mod/assign/view.php?id=3556&amp;action=viewpluginpage&amp;plugin=comparativejudgement&amp;pluginsubtype=assignsubmission&amp;pluginaction=addexemplar&amp;exemplarid=19"">View</a>",25,75,3 hours 2 mins,2 mins 25.8533 secs,"Friday, 22 January 2021, 10:51 AM","Thursday, 28 January 2021, 8:32 AM",48,27,73
study1,insight,1,"<a href=""https://moodle2.maths.ed.ac.uk/live2018/mod/assign/view.php?id=3560&amp;action=viewpluginpage&amp;plugin=comparativejudgement&amp;pluginsubtype=assignsubmission&amp;pluginaction=addexemplar&amp;exemplarid=22"">View</a>",29,74,50 mins 5 secs,40.6081 secs,"Friday, 22 January 2021, 5:28 PM","Sunday, 31 January 2021, 10:34 PM",16,58,42
study1,insight,10,"<a href=""https://moodle2.maths.ed.ac.uk/live2018/mod/assign/view.php?id=3560&amp;action=viewpluginpage&amp;plugin=comparativejudgement&amp;pluginsubtype=assignsubmission&amp;pluginaction=addexemplar&amp;exemplarid=31"">View</a>",38,74,1 hour 2 mins,50.5946 secs,"Friday, 22 January 2021, 5:30 PM","Sunday, 31 January 2021, 10:34 PM",63,11,96
study1,insight,11,"<a href=""https://moodle2.maths.ed.ac.uk/live2018/mod/assign/view.php?id=3560&amp;action=viewpluginpage&amp;plugin=comparativejudgement&amp;pluginsubtype=assignsubmission&amp;pluginaction=addexemplar&amp;exemplarid=32"">View</a>",39,73,1 hour 12 mins,59.7534 secs,"Friday, 22 January 2021, 5:29 PM","Sunday, 31 January 2021, 10:33 PM",27,46,57
study1,insight,12,"<a href=""https://moodle2.maths.ed.ac.uk/live2018/mod/assign/view.php?id=3560&amp;action=viewpluginpage&amp;plugin=comparativejudgement&amp;pluginsubtype=assignsubmission&amp;pluginaction=addexemplar&amp;exemplarid=33"">View</a>",40,74,1 hour 18 mins,1 min 3.6892 secs,"Friday, 22 January 2021, 5:29 PM","Sunday, 31 January 2021, 10:34 PM",35,39,59
study1,insight,13,"<a href=""https://moodle2.maths.ed.ac.uk/live2018/mod/assign/view.php?id=3560&amp;action=viewpluginpage&amp;plugin=comparativejudgement&amp;pluginsubtype=assignsubmission&amp;pluginaction=addexemplar&amp;exemplarid=36"">View</a>",43,73,1 hour 18 mins,1 min 4.6849 secs,"Friday, 22 January 2021, 5:27 PM","Sunday, 31 January 2021, 10:33 PM",22,51,48
study1,insight,2,"<a href=""https://moodle2.maths.ed.ac.uk/live2018/mod/assign/view.php?id=3560&amp;action=viewpluginpage&amp;plugin=comparativejudgement&amp;pluginsubtype=assignsubmission&amp;pluginaction=addexemplar&amp;exemplarid=23"">View</a>",30,74,43 mins 16 secs,35.0811 secs,"Friday, 22 January 2021, 5:28 PM","Sunday, 31 January 2021, 10:34 PM",50,24,79
study1,insight,3,"<a href=""https://moodle2.maths.ed.ac.uk/live2018/mod/assign/view.php?id=3560&amp;action=viewpluginpage&amp;plugin=comparativejudgement&amp;pluginsubtype=assignsubmission&amp;pluginaction=addexemplar&amp;exemplarid=24"">View</a>",31,74,42 mins 12 secs,34.2162 secs,"Friday, 22 January 2021, 5:27 PM","Sunday, 31 January 2021, 10:34 PM",18,56,45
study1,insight,4,"<a href=""https://moodle2.maths.ed.ac.uk/live2018/mod/assign/view.php?id=3560&amp;action=viewpluginpage&amp;plugin=comparativejudgement&amp;pluginsubtype=assignsubmission&amp;pluginaction=addexemplar&amp;exemplarid=25"">View</a>",32,74,1 hour,49.1216 secs,"Friday, 22 January 2021, 5:31 PM","Sunday, 31 January 2021, 10:34 PM",39,35,67
study1,insight,5,"<a href=""https://moodle2.maths.ed.ac.uk/live2018/mod/assign/view.php?id=3560&amp;action=viewpluginpage&amp;plugin=comparativejudgement&amp;pluginsubtype=assignsubmission&amp;pluginaction=addexemplar&amp;exemplarid=26"">View</a>",33,74,46 mins 34 secs,37.7568 secs,"Friday, 22 January 2021, 5:28 PM","Sunday, 31 January 2021, 10:34 PM",37,37,64
study1,insight,6,"<a href=""https://moodle2.maths.ed.ac.uk/live2018/mod/assign/view.php?id=3560&amp;action=viewpluginpage&amp;plugin=comparativejudgement&amp;pluginsubtype=assignsubmission&amp;pluginaction=addexemplar&amp;exemplarid=27"">View</a>",34,74,53 mins 23 secs,43.2838 secs,"Friday, 22 January 2021, 5:30 PM","Sunday, 31 January 2021, 10:34 PM",44,30,71
study1,insight,7,"<a href=""https://moodle2.maths.ed.ac.uk/live2018/mod/assign/view.php?id=3560&amp;action=viewpluginpage&amp;plugin=comparativejudgement&amp;pluginsubtype=assignsubmission&amp;pluginaction=addexemplar&amp;exemplarid=28"">View</a>",35,73,43 mins 13 secs,35.5205 secs,"Friday, 22 January 2021, 5:27 PM","Sunday, 31 January 2021, 10:33 PM",43,30,71
study1,insight,8,"<a href=""https://moodle2.maths.ed.ac.uk/live2018/mod/assign/view.php?id=3560&amp;action=viewpluginpage&amp;plugin=comparativejudgement&amp;pluginsubtype=assignsubmission&amp;pluginaction=addexemplar&amp;exemplarid=29"">View</a>",36,74,39 mins 43 secs,32.2027 secs,"Friday, 22 January 2021, 5:27 PM","Sunday, 31 January 2021, 10:33 PM",44,30,72
study1,insight,9,"<a href=""https://moodle2.maths.ed.ac.uk/live2018/mod/assign/view.php?id=3560&amp;action=viewpluginpage&amp;plugin=comparativejudgement&amp;pluginsubtype=assignsubmission&amp;pluginaction=addexemplar&amp;exemplarid=30"">View</a>",37,73,44 mins 48 secs,36.8219 secs,"Friday, 22 January 2021, 5:28 PM","Sunday, 31 January 2021, 10:33 PM",41,32,75
study2,rigour,1,"<a href=""https://moodle2.maths.ed.ac.uk/live2018/mod/assign/view.php?id=3600&amp;action=viewpluginpage&amp;plugin=comparativejudgement&amp;pluginsubtype=assignsubmission&amp;pluginaction=addexemplar&amp;exemplarid=37"">View</a>",112,104,43 mins 5 secs,24.8558 secs,"Wednesday, 24 February 2021, 6:25 PM","Tuesday, 2 March 2021, 3:33 PM",18,86,39
study2,rigour,10,"<a href=""https://moodle2.maths.ed.ac.uk/live2018/mod/assign/view.php?id=3600&amp;action=viewpluginpage&amp;plugin=comparativejudgement&amp;pluginsubtype=assignsubmission&amp;pluginaction=addexemplar&amp;exemplarid=82"">View</a>",157,103,1 hour 21 mins,47.4078 secs,"Wednesday, 24 February 2021, 6:25 PM","Tuesday, 2 March 2021, 3:32 PM",95,8,98
study2,rigour,11,"<a href=""https://moodle2.maths.ed.ac.uk/live2018/mod/assign/view.php?id=3600&amp;action=viewpluginpage&amp;plugin=comparativejudgement&amp;pluginsubtype=assignsubmission&amp;pluginaction=addexemplar&amp;exemplarid=87"">View</a>",162,104,1 hour 32 mins,53.3654 secs,"Wednesday, 24 February 2021, 6:25 PM","Tuesday, 2 March 2021, 3:33 PM",76,28,80
study2,rigour,12,"<a href=""https://moodle2.maths.ed.ac.uk/live2018/mod/assign/view.php?id=3600&amp;action=viewpluginpage&amp;plugin=comparativejudgement&amp;pluginsubtype=assignsubmission&amp;pluginaction=addexemplar&amp;exemplarid=92"">View</a>",167,104,1 hour 14 mins,42.7212 secs,"Wednesday, 24 February 2021, 6:25 PM","Tuesday, 2 March 2021, 3:33 PM",61,43,72
study2,rigour,13,"<a href=""https://moodle2.maths.ed.ac.uk/live2018/mod/assign/view.php?id=3600&amp;action=viewpluginpage&amp;plugin=comparativejudgement&amp;pluginsubtype=assignsubmission&amp;pluginaction=addexemplar&amp;exemplarid=97"">View</a>",172,103,2 hours 30 mins,1 min 27.8252 secs,"Wednesday, 24 February 2021, 6:24 PM","Tuesday, 2 March 2021, 3:33 PM",36,67,57
study2,rigour,14,"<a href=""https://moodle2.maths.ed.ac.uk/live2018/mod/assign/view.php?id=3600&amp;action=viewpluginpage&amp;plugin=comparativejudgement&amp;pluginsubtype=assignsubmission&amp;pluginaction=addexemplar&amp;exemplarid=102"">View</a>",177,103,1 hour 3 mins,36.8058 secs,"Wednesday, 24 February 2021, 6:25 PM","Tuesday, 2 March 2021, 3:33 PM",57,46,69
study2,rigour,15,"<a href=""https://moodle2.maths.ed.ac.uk/live2018/mod/assign/view.php?id=3600&amp;action=viewpluginpage&amp;plugin=comparativejudgement&amp;pluginsubtype=assignsubmission&amp;pluginaction=addexemplar&amp;exemplarid=107"">View</a>",182,104,1 hour 30 mins,52.2885 secs,"Wednesday, 24 February 2021, 6:25 PM","Tuesday, 2 March 2021, 3:33 PM",41,63,59
study2,rigour,2,"<a href=""https://moodle2.maths.ed.ac.uk/live2018/mod/assign/view.php?id=3600&amp;action=viewpluginpage&amp;plugin=comparativejudgement&amp;pluginsubtype=assignsubmission&amp;pluginaction=addexemplar&amp;exemplarid=42"">View</a>",117,103,48 mins 8 secs,28.0388 secs,"Wednesday, 24 February 2021, 6:24 PM","Tuesday, 2 March 2021, 3:33 PM",32,71,53
study2,rigour,3,"<a href=""https://moodle2.maths.ed.ac.uk/live2018/mod/assign/view.php?id=3600&amp;action=viewpluginpage&amp;plugin=comparativejudgement&amp;pluginsubtype=assignsubmission&amp;pluginaction=addexemplar&amp;exemplarid=47"">View</a>",122,104,43 mins 35 secs,25.1442 secs,"Wednesday, 24 February 2021, 6:24 PM","Tuesday, 2 March 2021, 3:33 PM",20,84,42
study2,rigour,4,"<a href=""https://moodle2.maths.ed.ac.uk/live2018/mod/assign/view.php?id=3600&amp;action=viewpluginpage&amp;plugin=comparativejudgement&amp;pluginsubtype=assignsubmission&amp;pluginaction=addexemplar&amp;exemplarid=52"">View</a>",127,103,2 hours 23 mins,1 min 23.6893 secs,"Wednesday, 24 February 2021, 6:25 PM","Tuesday, 2 March 2021, 3:32 PM",58,45,68
study2,rigour,5,"<a href=""https://moodle2.maths.ed.ac.uk/live2018/mod/assign/view.php?id=3600&amp;action=viewpluginpage&amp;plugin=comparativejudgement&amp;pluginsubtype=assignsubmission&amp;pluginaction=addexemplar&amp;exemplarid=57"">View</a>",132,103,1 hour 11 mins,41.6019 secs,"Wednesday, 24 February 2021, 6:25 PM","Tuesday, 2 March 2021, 3:32 PM",32,71,54
study2,rigour,6,"<a href=""https://moodle2.maths.ed.ac.uk/live2018/mod/assign/view.php?id=3600&amp;action=viewpluginpage&amp;plugin=comparativejudgement&amp;pluginsubtype=assignsubmission&amp;pluginaction=addexemplar&amp;exemplarid=62"">View</a>",137,103,1 hour 15 mins,44.1068 secs,"Wednesday, 24 February 2021, 6:24 PM","Tuesday, 2 March 2021, 3:33 PM",67,36,74
study2,rigour,7,"<a href=""https://moodle2.maths.ed.ac.uk/live2018/mod/assign/view.php?id=3600&amp;action=viewpluginpage&amp;plugin=comparativejudgement&amp;pluginsubtype=assignsubmission&amp;pluginaction=addexemplar&amp;exemplarid=67"">View</a>",142,103,1 hour 43 mins,1 min 0.534 secs,"Wednesday, 24 February 2021, 6:25 PM","Tuesday, 2 March 2021, 3:32 PM",54,49,66
study2,rigour,8,"<a href=""https://moodle2.maths.ed.ac.uk/live2018/mod/assign/view.php?id=3600&amp;action=viewpluginpage&amp;plugin=comparativejudgement&amp;pluginsubtype=assignsubmission&amp;pluginaction=addexemplar&amp;exemplarid=72"">View</a>",147,103,1 hour 41 mins,59.3204 secs,"Wednesday, 24 February 2021, 6:25 PM","Tuesday, 2 March 2021, 3:33 PM",65,38,70
study2,rigour,9,"<a href=""https://moodle2.maths.ed.ac.uk/live2018/mod/assign/view.php?id=3600&amp;action=viewpluginpage&amp;plugin=comparativejudgement&amp;pluginsubtype=assignsubmission&amp;pluginaction=addexemplar&amp;exemplarid=77"">View</a>",152,103,54 mins 36 secs,31.8058 secs,"Wednesday, 24 February 2021, 6:25 PM","Tuesday, 2 March 2021, 3:32 PM",63,40,74
study2,insight,1,"<a href=""https://moodle2.maths.ed.ac.uk/live2018/mod/assign/view.php?id=3602&amp;action=viewpluginpage&amp;plugin=comparativejudgement&amp;pluginsubtype=assignsubmission&amp;pluginaction=addexemplar&amp;exemplarid=38"">View</a>",113,72,22 mins 59 secs,19.1528 secs,"Wednesday, 24 February 2021, 6:38 PM","Tuesday, 2 March 2021, 3:43 PM",31,41,55
study2,insight,10,"<a href=""https://moodle2.maths.ed.ac.uk/live2018/mod/assign/view.php?id=3602&amp;action=viewpluginpage&amp;plugin=comparativejudgement&amp;pluginsubtype=assignsubmission&amp;pluginaction=addexemplar&amp;exemplarid=83"">View</a>",158,71,48 mins 25 secs,40.9155 secs,"Wednesday, 24 February 2021, 6:37 PM","Tuesday, 2 March 2021, 3:43 PM",49,22,92
study2,insight,11,"<a href=""https://moodle2.maths.ed.ac.uk/live2018/mod/assign/view.php?id=3602&amp;action=viewpluginpage&amp;plugin=comparativejudgement&amp;pluginsubtype=assignsubmission&amp;pluginaction=addexemplar&amp;exemplarid=88"">View</a>",163,71,38 mins 54 secs,32.8732 secs,"Wednesday, 24 February 2021, 6:37 PM","Tuesday, 2 March 2021, 3:43 PM",35,36,63
study2,insight,12,"<a href=""https://moodle2.maths.ed.ac.uk/live2018/mod/assign/view.php?id=3602&amp;action=viewpluginpage&amp;plugin=comparativejudgement&amp;pluginsubtype=assignsubmission&amp;pluginaction=addexemplar&amp;exemplarid=93"">View</a>",168,72,57 mins 57 secs,48.2917 secs,"Wednesday, 24 February 2021, 6:38 PM","Tuesday, 2 March 2021, 3:43 PM",35,37,63
study2,insight,13,"<a href=""https://moodle2.maths.ed.ac.uk/live2018/mod/assign/view.php?id=3602&amp;action=viewpluginpage&amp;plugin=comparativejudgement&amp;pluginsubtype=assignsubmission&amp;pluginaction=addexemplar&amp;exemplarid=98"">View</a>",173,72,1 hour 35 mins,1 min 19.875 secs,"Wednesday, 24 February 2021, 6:36 PM","Tuesday, 2 March 2021, 3:43 PM",26,46,46
study2,insight,14,"<a href=""https://moodle2.maths.ed.ac.uk/live2018/mod/assign/view.php?id=3602&amp;action=viewpluginpage&amp;plugin=comparativejudgement&amp;pluginsubtype=assignsubmission&amp;pluginaction=addexemplar&amp;exemplarid=103"">View</a>",178,72,41 mins 55 secs,34.9306 secs,"Wednesday, 24 February 2021, 6:38 PM","Tuesday, 2 March 2021, 3:43 PM",37,35,67
study2,insight,15,"<a href=""https://moodle2.maths.ed.ac.uk/live2018/mod/assign/view.php?id=3602&amp;action=viewpluginpage&amp;plugin=comparativejudgement&amp;pluginsubtype=assignsubmission&amp;pluginaction=addexemplar&amp;exemplarid=108"">View</a>",183,71,37 mins 42 secs,31.8592 secs,"Wednesday, 24 February 2021, 6:36 PM","Tuesday, 2 March 2021, 3:43 PM",33,38,58
study2,insight,2,"<a href=""https://moodle2.maths.ed.ac.uk/live2018/mod/assign/view.php?id=3602&amp;action=viewpluginpage&amp;plugin=comparativejudgement&amp;pluginsubtype=assignsubmission&amp;pluginaction=addexemplar&amp;exemplarid=43"">View</a>",118,71,43 mins 3 secs,36.3803 secs,"Wednesday, 24 February 2021, 6:38 PM","Tuesday, 2 March 2021, 3:43 PM",47,24,87
study2,insight,3,"<a href=""https://moodle2.maths.ed.ac.uk/live2018/mod/assign/view.php?id=3602&amp;action=viewpluginpage&amp;plugin=comparativejudgement&amp;pluginsubtype=assignsubmission&amp;pluginaction=addexemplar&amp;exemplarid=48"">View</a>",123,71,1 hour 13 mins,1 min 2.4648 secs,"Wednesday, 24 February 2021, 6:38 PM","Tuesday, 2 March 2021, 3:43 PM",18,53,30
study2,insight,4,"<a href=""https://moodle2.maths.ed.ac.uk/live2018/mod/assign/view.php?id=3602&amp;action=viewpluginpage&amp;plugin=comparativejudgement&amp;pluginsubtype=assignsubmission&amp;pluginaction=addexemplar&amp;exemplarid=53"">View</a>",128,71,41 mins 27 secs,35.0282 secs,"Wednesday, 24 February 2021, 6:37 PM","Tuesday, 2 March 2021, 3:43 PM",35,36,65
study2,insight,5,"<a href=""https://moodle2.maths.ed.ac.uk/live2018/mod/assign/view.php?id=3602&amp;action=viewpluginpage&amp;plugin=comparativejudgement&amp;pluginsubtype=assignsubmission&amp;pluginaction=addexemplar&amp;exemplarid=58"">View</a>",133,71,34 mins 9 secs,28.8592 secs,"Wednesday, 24 February 2021, 6:38 PM","Tuesday, 2 March 2021, 3:43 PM",40,31,74
study2,insight,6,"<a href=""https://moodle2.maths.ed.ac.uk/live2018/mod/assign/view.php?id=3602&amp;action=viewpluginpage&amp;plugin=comparativejudgement&amp;pluginsubtype=assignsubmission&amp;pluginaction=addexemplar&amp;exemplarid=63"">View</a>",138,71,46 mins 15 secs,39.0845 secs,"Wednesday, 24 February 2021, 6:39 PM","Tuesday, 2 March 2021, 3:43 PM",35,36,64
study2,insight,7,"<a href=""https://moodle2.maths.ed.ac.uk/live2018/mod/assign/view.php?id=3602&amp;action=viewpluginpage&amp;plugin=comparativejudgement&amp;pluginsubtype=assignsubmission&amp;pluginaction=addexemplar&amp;exemplarid=68"">View</a>",143,71,29 mins 13 secs,24.6901 secs,"Wednesday, 24 February 2021, 6:38 PM","Tuesday, 2 March 2021, 3:43 PM",36,35,65
study2,insight,8,"<a href=""https://moodle2.maths.ed.ac.uk/live2018/mod/assign/view.php?id=3602&amp;action=viewpluginpage&amp;plugin=comparativejudgement&amp;pluginsubtype=assignsubmission&amp;pluginaction=addexemplar&amp;exemplarid=73"">View</a>",148,72,31 mins 57 secs,26.625 secs,"Wednesday, 24 February 2021, 6:38 PM","Tuesday, 2 March 2021, 3:43 PM",39,33,73
study2,insight,9,"<a href=""https://moodle2.maths.ed.ac.uk/live2018/mod/assign/view.php?id=3602&amp;action=viewpluginpage&amp;plugin=comparativejudgement&amp;pluginsubtype=assignsubmission&amp;pluginaction=addexemplar&amp;exemplarid=78"">View</a>",153,71,1 hour 2 mins,52.4507 secs,"Wednesday, 24 February 2021, 6:37 PM","Tuesday, 2 March 2021, 3:43 PM",39,32,73
study2,simple,1,"<a href=""https://moodle2.maths.ed.ac.uk/live2018/mod/assign/view.php?id=3604&amp;action=viewpluginpage&amp;plugin=comparativejudgement&amp;pluginsubtype=assignsubmission&amp;pluginaction=addexemplar&amp;exemplarid=39"">View</a>",114,76,43 mins 12 secs,34.1053 secs,"Wednesday, 24 February 2021, 6:44 PM","Tuesday, 2 March 2021, 1:53 PM",43,33,70
study2,simple,10,"<a href=""https://moodle2.maths.ed.ac.uk/live2018/mod/assign/view.php?id=3604&amp;action=viewpluginpage&amp;plugin=comparativejudgement&amp;pluginsubtype=assignsubmission&amp;pluginaction=addexemplar&amp;exemplarid=84"">View</a>",159,77,50 mins 17 secs,39.1818 secs,"Wednesday, 24 February 2021, 6:44 PM","Tuesday, 2 March 2021, 2:05 PM",49,28,75
study2,simple,11,"<a href=""https://moodle2.maths.ed.ac.uk/live2018/mod/assign/view.php?id=3604&amp;action=viewpluginpage&amp;plugin=comparativejudgement&amp;pluginsubtype=assignsubmission&amp;pluginaction=addexemplar&amp;exemplarid=89"">View</a>",164,77,1 hour 5 mins,50.8312 secs,"Wednesday, 24 February 2021, 6:44 PM","Tuesday, 2 March 2021, 2:05 PM",17,60,43
study2,simple,12,"<a href=""https://moodle2.maths.ed.ac.uk/live2018/mod/assign/view.php?id=3604&amp;action=viewpluginpage&amp;plugin=comparativejudgement&amp;pluginsubtype=assignsubmission&amp;pluginaction=addexemplar&amp;exemplarid=94"">View</a>",169,76,1 hour 10 mins,55.8947 secs,"Wednesday, 24 February 2021, 6:44 PM","Tuesday, 2 March 2021, 1:53 PM",24,52,50
study2,simple,13,"<a href=""https://moodle2.maths.ed.ac.uk/live2018/mod/assign/view.php?id=3604&amp;action=viewpluginpage&amp;plugin=comparativejudgement&amp;pluginsubtype=assignsubmission&amp;pluginaction=addexemplar&amp;exemplarid=99"">View</a>",174,77,56 mins 33 secs,44.0649 secs,"Wednesday, 24 February 2021, 6:44 PM","Tuesday, 2 March 2021, 2:05 PM",12,65,34
study2,simple,14,"<a href=""https://moodle2.maths.ed.ac.uk/live2018/mod/assign/view.php?id=3604&amp;action=viewpluginpage&amp;plugin=comparativejudgement&amp;pluginsubtype=assignsubmission&amp;pluginaction=addexemplar&amp;exemplarid=104"">View</a>",179,77,59 mins 46 secs,46.5714 secs,"Wednesday, 24 February 2021, 6:44 PM","Tuesday, 2 March 2021, 2:05 PM",52,25,79
study2,simple,15,"<a href=""https://moodle2.maths.ed.ac.uk/live2018/mod/assign/view.php?id=3604&amp;action=viewpluginpage&amp;plugin=comparativejudgement&amp;pluginsubtype=assignsubmission&amp;pluginaction=addexemplar&amp;exemplarid=109"">View</a>",184,77,35 mins 46 secs,27.8701 secs,"Wednesday, 24 February 2021, 6:44 PM","Tuesday, 2 March 2021, 2:05 PM",28,49,55
study2,simple,2,"<a href=""https://moodle2.maths.ed.ac.uk/live2018/mod/assign/view.php?id=3604&amp;action=viewpluginpage&amp;plugin=comparativejudgement&amp;pluginsubtype=assignsubmission&amp;pluginaction=addexemplar&amp;exemplarid=44"">View</a>",119,76,31 mins 24 secs,24.7895 secs,"Wednesday, 24 February 2021, 6:44 PM","Tuesday, 2 March 2021, 1:53 PM",58,18,85
study2,simple,3,"<a href=""https://moodle2.maths.ed.ac.uk/live2018/mod/assign/view.php?id=3604&amp;action=viewpluginpage&amp;plugin=comparativejudgement&amp;pluginsubtype=assignsubmission&amp;pluginaction=addexemplar&amp;exemplarid=49"">View</a>",124,76,53 mins 29 secs,42.2237 secs,"Wednesday, 24 February 2021, 6:44 PM","Tuesday, 2 March 2021, 1:53 PM",23,53,53
study2,simple,4,"<a href=""https://moodle2.maths.ed.ac.uk/live2018/mod/assign/view.php?id=3604&amp;action=viewpluginpage&amp;plugin=comparativejudgement&amp;pluginsubtype=assignsubmission&amp;pluginaction=addexemplar&amp;exemplarid=54"">View</a>",129,76,49 mins,38.6842 secs,"Wednesday, 24 February 2021, 6:44 PM","Tuesday, 2 March 2021, 1:53 PM",47,29,75
study2,simple,5,"<a href=""https://moodle2.maths.ed.ac.uk/live2018/mod/assign/view.php?id=3604&amp;action=viewpluginpage&amp;plugin=comparativejudgement&amp;pluginsubtype=assignsubmission&amp;pluginaction=addexemplar&amp;exemplarid=59"">View</a>",134,76,33 mins 48 secs,26.6842 secs,"Wednesday, 24 February 2021, 6:44 PM","Tuesday, 2 March 2021, 1:53 PM",52,24,78
study2,simple,6,"<a href=""https://moodle2.maths.ed.ac.uk/live2018/mod/assign/view.php?id=3604&amp;action=viewpluginpage&amp;plugin=comparativejudgement&amp;pluginsubtype=assignsubmission&amp;pluginaction=addexemplar&amp;exemplarid=64"">View</a>",139,76,1 hour 1 min,48.3816 secs,"Wednesday, 24 February 2021, 6:45 PM","Tuesday, 2 March 2021, 1:53 PM",41,35,67
study2,simple,7,"<a href=""https://moodle2.maths.ed.ac.uk/live2018/mod/assign/view.php?id=3604&amp;action=viewpluginpage&amp;plugin=comparativejudgement&amp;pluginsubtype=assignsubmission&amp;pluginaction=addexemplar&amp;exemplarid=69"">View</a>",144,76,1 hour 2 mins,49.0789 secs,"Wednesday, 24 February 2021, 6:44 PM","Tuesday, 2 March 2021, 1:53 PM",32,44,63
study2,simple,8,"<a href=""https://moodle2.maths.ed.ac.uk/live2018/mod/assign/view.php?id=3604&amp;action=viewpluginpage&amp;plugin=comparativejudgement&amp;pluginsubtype=assignsubmission&amp;pluginaction=addexemplar&amp;exemplarid=74"">View</a>",149,76,55 mins 7 secs,43.5132 secs,"Wednesday, 24 February 2021, 6:44 PM","Tuesday, 2 March 2021, 1:53 PM",53,23,79
study2,simple,9,"<a href=""https://moodle2.maths.ed.ac.uk/live2018/mod/assign/view.php?id=3604&amp;action=viewpluginpage&amp;plugin=comparativejudgement&amp;pluginsubtype=assignsubmission&amp;pluginaction=addexemplar&amp;exemplarid=79"">View</a>",154,77,1 hour 3 mins,49.3117 secs,"Wednesday, 24 February 2021, 6:44 PM","Tuesday, 2 March 2021, 2:05 PM",42,35,68
study2,understanding,1,"<a href=""https://moodle2.maths.ed.ac.uk/live2018/mod/assign/view.php?id=3606&amp;action=viewpluginpage&amp;plugin=comparativejudgement&amp;pluginsubtype=assignsubmission&amp;pluginaction=addexemplar&amp;exemplarid=40"">View</a>",115,81,35 mins 20 secs,26.1728 secs,"Wednesday, 24 February 2021, 7:05 PM","Tuesday, 2 March 2021, 2:47 PM",44,37,69
study2,understanding,10,"<a href=""https://moodle2.maths.ed.ac.uk/live2018/mod/assign/view.php?id=3606&amp;action=viewpluginpage&amp;plugin=comparativejudgement&amp;pluginsubtype=assignsubmission&amp;pluginaction=addexemplar&amp;exemplarid=85"">View</a>",160,82,53 mins,38.7805 secs,"Wednesday, 24 February 2021, 6:57 PM","Tuesday, 2 March 2021, 2:47 PM",62,20,93
study2,understanding,11,"<a href=""https://moodle2.maths.ed.ac.uk/live2018/mod/assign/view.php?id=3606&amp;action=viewpluginpage&amp;plugin=comparativejudgement&amp;pluginsubtype=assignsubmission&amp;pluginaction=addexemplar&amp;exemplarid=90"">View</a>",165,81,1 hour 1 min,45.3086 secs,"Wednesday, 24 February 2021, 6:57 PM","Tuesday, 2 March 2021, 2:46 PM",31,50,52
study2,understanding,12,"<a href=""https://moodle2.maths.ed.ac.uk/live2018/mod/assign/view.php?id=3606&amp;action=viewpluginpage&amp;plugin=comparativejudgement&amp;pluginsubtype=assignsubmission&amp;pluginaction=addexemplar&amp;exemplarid=95"">View</a>",170,82,1 hour 11 mins,52.6585 secs,"Wednesday, 24 February 2021, 6:59 PM","Tuesday, 2 March 2021, 2:48 PM",28,54,48
study2,understanding,13,"<a href=""https://moodle2.maths.ed.ac.uk/live2018/mod/assign/view.php?id=3606&amp;action=viewpluginpage&amp;plugin=comparativejudgement&amp;pluginsubtype=assignsubmission&amp;pluginaction=addexemplar&amp;exemplarid=100"">View</a>",175,82,52 mins 58 secs,38.7561 secs,"Wednesday, 24 February 2021, 7:01 PM","Tuesday, 2 March 2021, 2:47 PM",27,55,48
study2,understanding,14,"<a href=""https://moodle2.maths.ed.ac.uk/live2018/mod/assign/view.php?id=3606&amp;action=viewpluginpage&amp;plugin=comparativejudgement&amp;pluginsubtype=assignsubmission&amp;pluginaction=addexemplar&amp;exemplarid=105"">View</a>",180,82,1 hour 12 mins,53.1829 secs,"Wednesday, 24 February 2021, 7:03 PM","Tuesday, 2 March 2021, 2:48 PM",54,28,80
study2,understanding,15,"<a href=""https://moodle2.maths.ed.ac.uk/live2018/mod/assign/view.php?id=3606&amp;action=viewpluginpage&amp;plugin=comparativejudgement&amp;pluginsubtype=assignsubmission&amp;pluginaction=addexemplar&amp;exemplarid=110"">View</a>",185,82,53 mins 59 secs,39.5 secs,"Wednesday, 24 February 2021, 6:59 PM","Tuesday, 2 March 2021, 2:47 PM",41,41,66
study2,understanding,2,"<a href=""https://moodle2.maths.ed.ac.uk/live2018/mod/assign/view.php?id=3606&amp;action=viewpluginpage&amp;plugin=comparativejudgement&amp;pluginsubtype=assignsubmission&amp;pluginaction=addexemplar&amp;exemplarid=45"">View</a>",120,81,41 mins 48 secs,30.963 secs,"Wednesday, 24 February 2021, 7:02 PM","Tuesday, 2 March 2021, 2:46 PM",50,31,76
study2,understanding,3,"<a href=""https://moodle2.maths.ed.ac.uk/live2018/mod/assign/view.php?id=3606&amp;action=viewpluginpage&amp;plugin=comparativejudgement&amp;pluginsubtype=assignsubmission&amp;pluginaction=addexemplar&amp;exemplarid=50"">View</a>",125,81,31 mins 48 secs,23.5556 secs,"Wednesday, 24 February 2021, 7:03 PM","Tuesday, 2 March 2021, 2:47 PM",17,64,33
study2,understanding,4,"<a href=""https://moodle2.maths.ed.ac.uk/live2018/mod/assign/view.php?id=3606&amp;action=viewpluginpage&amp;plugin=comparativejudgement&amp;pluginsubtype=assignsubmission&amp;pluginaction=addexemplar&amp;exemplarid=55"">View</a>",130,81,52 mins 57 secs,39.2222 secs,"Wednesday, 24 February 2021, 7:00 PM","Tuesday, 2 March 2021, 2:47 PM",42,39,67
study2,understanding,5,"<a href=""https://moodle2.maths.ed.ac.uk/live2018/mod/assign/view.php?id=3606&amp;action=viewpluginpage&amp;plugin=comparativejudgement&amp;pluginsubtype=assignsubmission&amp;pluginaction=addexemplar&amp;exemplarid=60"">View</a>",135,82,1 hour 14 mins,54.439 secs,"Wednesday, 24 February 2021, 7:01 PM","Tuesday, 2 March 2021, 2:48 PM",46,36,73
study2,understanding,6,"<a href=""https://moodle2.maths.ed.ac.uk/live2018/mod/assign/view.php?id=3606&amp;action=viewpluginpage&amp;plugin=comparativejudgement&amp;pluginsubtype=assignsubmission&amp;pluginaction=addexemplar&amp;exemplarid=65"">View</a>",140,81,1 hour 9 mins,51.5556 secs,"Wednesday, 24 February 2021, 7:02 PM","Tuesday, 2 March 2021, 2:47 PM",42,39,66
study2,understanding,7,"<a href=""https://moodle2.maths.ed.ac.uk/live2018/mod/assign/view.php?id=3606&amp;action=viewpluginpage&amp;plugin=comparativejudgement&amp;pluginsubtype=assignsubmission&amp;pluginaction=addexemplar&amp;exemplarid=70"">View</a>",145,81,1 hour 4 mins,47.9753 secs,"Wednesday, 24 February 2021, 7:00 PM","Tuesday, 2 March 2021, 2:47 PM",36,45,60
study2,understanding,8,"<a href=""https://moodle2.maths.ed.ac.uk/live2018/mod/assign/view.php?id=3606&amp;action=viewpluginpage&amp;plugin=comparativejudgement&amp;pluginsubtype=assignsubmission&amp;pluginaction=addexemplar&amp;exemplarid=75"">View</a>",150,82,1 hour 31 mins,1 min 7.1951 secs,"Wednesday, 24 February 2021, 7:05 PM","Tuesday, 2 March 2021, 2:48 PM",48,34,74
study2,understanding,9,"<a href=""https://moodle2.maths.ed.ac.uk/live2018/mod/assign/view.php?id=3606&amp;action=viewpluginpage&amp;plugin=comparativejudgement&amp;pluginsubtype=assignsubmission&amp;pluginaction=addexemplar&amp;exemplarid=80"">View</a>",155,81,1 hour 25 mins,1 min 3.321 secs,"Wednesday, 24 February 2021, 7:05 PM","Tuesday, 2 March 2021, 2:47 PM",43,38,69
study2,marks,1,"<a href=""https://moodle2.maths.ed.ac.uk/live2018/mod/assign/view.php?id=3608&amp;action=viewpluginpage&amp;plugin=comparativejudgement&amp;pluginsubtype=assignsubmission&amp;pluginaction=addexemplar&amp;exemplarid=41"">View</a>",116,74,44 mins 5 secs,35.7432 secs,"Wednesday, 24 February 2021, 7:10 PM","Tuesday, 2 March 2021, 4:15 PM",18,56,47
study2,marks,10,"<a href=""https://moodle2.maths.ed.ac.uk/live2018/mod/assign/view.php?id=3608&amp;action=viewpluginpage&amp;plugin=comparativejudgement&amp;pluginsubtype=assignsubmission&amp;pluginaction=addexemplar&amp;exemplarid=86"">View</a>",161,74,33 mins 33 secs,27.2027 secs,"Wednesday, 24 February 2021, 7:10 PM","Tuesday, 2 March 2021, 4:15 PM",67,7,95
study2,marks,11,"<a href=""https://moodle2.maths.ed.ac.uk/live2018/mod/assign/view.php?id=3608&amp;action=viewpluginpage&amp;plugin=comparativejudgement&amp;pluginsubtype=assignsubmission&amp;pluginaction=addexemplar&amp;exemplarid=91"">View</a>",166,74,1 hour,48.6486 secs,"Wednesday, 24 February 2021, 7:08 PM","Tuesday, 2 March 2021, 4:15 PM",46,28,72
study2,marks,12,"<a href=""https://moodle2.maths.ed.ac.uk/live2018/mod/assign/view.php?id=3608&amp;action=viewpluginpage&amp;plugin=comparativejudgement&amp;pluginsubtype=assignsubmission&amp;pluginaction=addexemplar&amp;exemplarid=96"">View</a>",171,75,1 hour 19 mins,1 min 3.6933 secs,"Wednesday, 24 February 2021, 7:11 PM","Tuesday, 2 March 2021, 4:15 PM",47,28,76
study2,marks,13,"<a href=""https://moodle2.maths.ed.ac.uk/live2018/mod/assign/view.php?id=3608&amp;action=viewpluginpage&amp;plugin=comparativejudgement&amp;pluginsubtype=assignsubmission&amp;pluginaction=addexemplar&amp;exemplarid=101"">View</a>",176,74,57 mins 10 secs,46.3514 secs,"Wednesday, 24 February 2021, 7:08 PM","Tuesday, 2 March 2021, 4:15 PM",32,42,66
study2,marks,14,"<a href=""https://moodle2.maths.ed.ac.uk/live2018/mod/assign/view.php?id=3608&amp;action=viewpluginpage&amp;plugin=comparativejudgement&amp;pluginsubtype=assignsubmission&amp;pluginaction=addexemplar&amp;exemplarid=106"">View</a>",181,75,37 mins 25 secs,29.9333 secs,"Wednesday, 24 February 2021, 7:06 PM","Tuesday, 2 March 2021, 4:15 PM",53,22,77
study2,marks,15,"<a href=""https://moodle2.maths.ed.ac.uk/live2018/mod/assign/view.php?id=3608&amp;action=viewpluginpage&amp;plugin=comparativejudgement&amp;pluginsubtype=assignsubmission&amp;pluginaction=addexemplar&amp;exemplarid=111"">View</a>",186,75,2 hours 9 mins,1 min 43.48 secs,"Wednesday, 24 February 2021, 7:10 PM","Tuesday, 2 March 2021, 4:15 PM",32,43,60
study2,marks,2,"<a href=""https://moodle2.maths.ed.ac.uk/live2018/mod/assign/view.php?id=3608&amp;action=viewpluginpage&amp;plugin=comparativejudgement&amp;pluginsubtype=assignsubmission&amp;pluginaction=addexemplar&amp;exemplarid=46"">View</a>",121,75,24 mins 11 secs,19.3467 secs,"Wednesday, 24 February 2021, 7:06 PM","Tuesday, 2 March 2021, 4:15 PM",16,59,42
study2,marks,3,"<a href=""https://moodle2.maths.ed.ac.uk/live2018/mod/assign/view.php?id=3608&amp;action=viewpluginpage&amp;plugin=comparativejudgement&amp;pluginsubtype=assignsubmission&amp;pluginaction=addexemplar&amp;exemplarid=51"">View</a>",126,74,59 mins 31 secs,48.2568 secs,"Wednesday, 24 February 2021, 7:08 PM","Tuesday, 2 March 2021, 4:15 PM",9,65,36
study2,marks,4,"<a href=""https://moodle2.maths.ed.ac.uk/live2018/mod/assign/view.php?id=3608&amp;action=viewpluginpage&amp;plugin=comparativejudgement&amp;pluginsubtype=assignsubmission&amp;pluginaction=addexemplar&amp;exemplarid=56"">View</a>",131,74,57 mins 35 secs,46.6892 secs,"Wednesday, 24 February 2021, 7:06 PM","Tuesday, 2 March 2021, 4:15 PM",26,48,59
study2,marks,5,"<a href=""https://moodle2.maths.ed.ac.uk/live2018/mod/assign/view.php?id=3608&amp;action=viewpluginpage&amp;plugin=comparativejudgement&amp;pluginsubtype=assignsubmission&amp;pluginaction=addexemplar&amp;exemplarid=61"">View</a>",136,75,49 mins,39.2 secs,"Wednesday, 24 February 2021, 7:10 PM","Tuesday, 2 March 2021, 4:15 PM",31,44,58
study2,marks,6,"<a href=""https://moodle2.maths.ed.ac.uk/live2018/mod/assign/view.php?id=3608&amp;action=viewpluginpage&amp;plugin=comparativejudgement&amp;pluginsubtype=assignsubmission&amp;pluginaction=addexemplar&amp;exemplarid=66"">View</a>",141,74,2 hours 5 mins,1 min 42.0946 secs,"Wednesday, 24 February 2021, 7:08 PM","Tuesday, 2 March 2021, 4:15 PM",49,25,76
study2,marks,7,"<a href=""https://moodle2.maths.ed.ac.uk/live2018/mod/assign/view.php?id=3608&amp;action=viewpluginpage&amp;plugin=comparativejudgement&amp;pluginsubtype=assignsubmission&amp;pluginaction=addexemplar&amp;exemplarid=71"">View</a>",146,74,1 hour 20 mins,1 min 5.1351 secs,"Wednesday, 24 February 2021, 7:06 PM","Tuesday, 2 March 2021, 4:15 PM",39,35,67
study2,marks,8,"<a href=""https://moodle2.maths.ed.ac.uk/live2018/mod/assign/view.php?id=3608&amp;action=viewpluginpage&amp;plugin=comparativejudgement&amp;pluginsubtype=assignsubmission&amp;pluginaction=addexemplar&amp;exemplarid=76"">View</a>",151,75,35 mins 25 secs,28.3333 secs,"Wednesday, 24 February 2021, 7:11 PM","Tuesday, 2 March 2021, 4:15 PM",45,30,70
study2,marks,9,"<a href=""https://moodle2.maths.ed.ac.uk/live2018/mod/assign/view.php?id=3608&amp;action=viewpluginpage&amp;plugin=comparativejudgement&amp;pluginsubtype=assignsubmission&amp;pluginaction=addexemplar&amp;exemplarid=81"">View</a>",156,74,43 mins 44 secs,35.4595 secs,"Wednesday, 24 February 2021, 7:11 PM","Tuesday, 2 March 2021, 4:15 PM",48,26,73
